"Reference","Value","Datasheet","Digikey","Mouser","Mouser Price/Stock","RS Components","Reichelt","Menge"
"AC1","LSM6DSOXTR","https://www.st.com/resource/en/datasheet/lsm6dsox.pdf","","LSM6DSOXTR","https://www.mouser.co.uk/ProductDetail/STMicroelectronics/LSM6DSOXTR?qs=l7cgNqFNU1i9dcjzItLpVQ%3D%3D","","","1"
"C1, C4","4.7uF","~","","","","","","2"
"C2, C3, C10, C19","1.0uF-25V-(+80/-20%)","~","","F921E105KPA","","","","4"
"C5, C6","15pF-1%","~","","C0603C150F8HACAUTO","","","","2"
"C7","22uF","~","","","","","","1"
"C8, C9, C11-C18, C20","100nF","~","1276-CL10B104KB8NNNLCT-ND","581-06035C104K4","","200-6519","","11"
"D1","10BQ015","https://eu.mouser.com/ProductDetail/Vishay-Semiconductors/VS-10BQ015-M3-5BT?qs=asPD7ZL2j3VpzaHhlDLLKA%3D%3D&gad_source=1&gclid=CjwKCAiA1MCrBhAoEiwAC2d64Qfz9GdFJXcJop1dluLSezxhXfgrxGSJlfwXR4mOBbP2oq8S6QpdJRoCLncQAvD_BwE","","10BQ015","https://eu.mouser.com/ProductDetail/Vishay-Semiconductors/VS-10BQ015-M3-5BT?qs=asPD7ZL2j3VpzaHhlDLLKA%3D%3D&gad_source=1&gclid=CjwKCAiA1MCrBhAoEiwAC2d64Qfz9GdFJXcJop1dluLSezxhXfgrxGSJlfwXR4mOBbP2oq8S6QpdJRoCLncQAvD_BwE","","","1"
"D2","WE-TVS-824015","https://www.we-online.com/components/products/datasheet/824015.pdf","","824015","https://www.mouser.at/ProductDetail/Wurth-Elektronik/824015?qs=Wn16VcyqZWp2%252Bq7OHpgqcg%3D%3D","","","1"
"D3, D4","155124RV73200","https://www.we-online.com/components/products/datasheet/155124RV73200.pdf","","155124RV73200","https://www.mouser.at/ProductDetail/Wurth-Elektronik/155124RV73200?qs=5aG0NVq1C4yQQzqaqWGYAg%3D%3D","","","2"
"FL1","WE-CNSW 744232090","https://www.we-online.com/components/products/datasheet/744232090.pdf","","744232090","https://www.mouser.at/ProductDetail/Wurth-Elektronik/744232090?qs=PGXP4M47uW6L5fAiLO6yTw%3D%3D","","","1"
"J1","JST PH2P ST90 ","https://www.reichelt.at/at/de/jst-stiftleiste-90-1x2-polig-ph-jst-ph2p-st90-p185056.html?PROVID=2807&gclid=CjwKCAiAmZGrBhAnEiwAo9qHiX8Aljedun1deSYFSHEVMIRz6JgVll-Dw5EvRr3jTF0y2CSldQKAmBoCrskQAvD_BwE","","","https://www.reichelt.at/at/de/jst-stiftleiste-90-1x2-polig-ph-jst-ph2p-st90-p185056.html?PROVID=2807&gclid=CjwKCAiAmZGrBhAnEiwAo9qHiX8Aljedun1deSYFSHEVMIRz6JgVll-Dw5EvRr3jTF0y2CSldQKAmBoCrskQAvD_BwE","","JST PH2P ST90","1"
"J2","USB4105-GF-A","https://www.usb.org/sites/default/files/documents/usb_type-c.zip","","USB4105-GF-A","https://www.mouser.at/ProductDetail/GCT/USB4105-GF-A?qs=KUoIvG%2F9IlY%2FMLlBMpStpA%3D%3D&gad_source=1&gclid=Cj0KCQiAyKurBhD5ARIsALamXaHB1WqEL8FpCW_cEPz8SMNbaXEcthQ5WIWoRdPENYKDcg-3_OVy5qsaArQwEALw_wcB","","","1"
"J3","Conn_01x04","~","","Beliebige Stiftleiste, Raster: 2.54mm","","","","1"
"J4-J7","54-00174","https://tensility.s3.amazonaws.com/uploads/pdffiles/54-00174.pdf?X-Amz-Expires=600&X-Amz-Date=20231206T211710Z&X-Amz-Algorithm=AWS4-HMAC-SHA256&X-Amz-Credential=AKIAIS2S4WRDQDSWDRZQ%2F20231206%2Fus-west-2%2Fs3%2Faws4_request&X-Amz-SignedHeaders=host&X-Amz-Signature=9b1a304331de7a209094883b10ea93c55c7e790e0be1d3e399b91f09e8b0233f","54-00174","","https://www.digikey.de/de/products/detail/tensility-international-corp/54-00174/12140150","","","4"
"Q1","PMOS - AS3401","https://mm.digikey.com/Volume0/opasdata/d220001/medias/docus/2779/AS3401.pdf","AS3401","","https://www.digikey.at/de/products/detail/anbon-semiconductor-int-l-limited/AS3401/16708460","","","1"
"R1","10k/1%","","","RN73H1JTTD1002F100","https://www.mouser.at/ProductDetail/KOA-Speer/RN73H1JTTD1002F100?qs=mtPtL6iy6ALCfskr2ilnpg%3D%3D","","","1"
"R2","2k","","","ERJ-PA3J121V","","","","1"
"R3, R4, R7, R12-R14","10k","","","-- verschiedene Werte --","","","","6"
"R5, R6","5k1","","","RN73H1JTTD5101F100","https://www.mouser.at/ProductDetail/KOA-Speer/RN73H1JTTD5101F100?qs=Tw8F%252BABiY2owhjU7td4KeQ%3D%3D","","","2"
"R8-R11","120 ","","","ERJ-PA3J121V","","","","4"
"S1, S2","SW_Push","https://www.mouser.at/datasheet/2/358/typ_6x6_mm_tact_switches-1275689.pdf","","13019315","https://www.mouser.at/ProductDetail/Schurter/1301.9315?qs=tGaZrb6HVSaeSttQbZxh%2FA%3D%3D","","","2"
"S3","450404015514","https://www.we-online.com/components/products/datasheet/450404015514.pdf","","450404015514","https://www.mouser.co.uk/ProductDetail/Wurth-Elektronik/450404015514?qs=sPbYRqrBIVk21%2FxsES2IZA%3D%3D","","","1"
"U1","MCP73831-2","http://ww1.microchip.com/downloads/en/DeviceDoc/20001984g.pdf","","MCP73831T-2ACI/OT","https://www.mouser.at/ProductDetail/Microchip-Technology/MCP73831T-2ACI-OT?qs=yUQqVecv4qvbBQBGbHx0Mw%3D%3D","","","1"
"U2","TC1262-33","http://ww1.microchip.com/downloads/en/DeviceDoc/21373C.pdf","","TC1262-3.3VDBTR","https://www.mouser.at/ProductDetail/Microchip-Technology/TC1262-3.3VDBTR?qs=VDoAoI%2FEFTN6q7dfuakIrw%3D%3D","","","1"
"U3","ESP32-S3-WROOM-1","https://www.espressif.com/sites/default/files/documentation/esp32-s3-wroom-1_wroom-1u_datasheet_en.pdf","","ESP32-S3-WROOM-1-N8","https://www.mouser.at/ProductDetail/Espressif-Systems/ESP32-S3-WROOM-1-N8?qs=sGAEpiMZZMu3sxpa5v1qrpuLb1YRQvRH486xd1meH8w%3D","","","1"
"U4","WE-TVS-824015043","https://www.we-online.com/components/products/datasheet/824015043.pdf","","824015043","https://www.mouser.at/ProductDetail/Wurth-Elektronik/824015043?qs=amGC7iS6iy%252BoHLfbVvujhQ%3D%3D","","","1"
"U5","MC6470","https://www.mouser.at/datasheet/2/821/MC6470_Datasheet_APS_048_0033v1_7_1-3003085.pdf","","MC6470","https://www.mouser.at/ProductDetail/MEMSIC/MC6470?qs=u6%2FIMcj1sDuOjN54xX4NKQ%3D%3D","","","1"
"U6","BNO055","https://www.bosch-sensortec.com/media/boschsensortec/downloads/datasheets/bst-bno055-ds000.pdf","828-1058","","https://www.digikey.at/en/products/detail/bosch-sensortec/BNO055/6136301","","","1"
"Y1","32.768 kHz","https://www.mouser.at/datasheet/2/3/ABS07-3080027.pdf","","ASDK-32.768KHz-LRT","https://www.mouser.at/ProductDetail/ABRACON/ABS07-32768KHZ-T?qs=3SpAxaLJ01g8GJWeO3sA3Q%3D%3D&mgh=1&gad_source=1&gclid=CjwKCAiA9ourBhAVEiwA3L5RFmcTURdfJp_IENxutYTSDuJVwm7JT5lA7J1Dl65ASlIgL4B9Xx2CFxoCmaUQAvD_BwE","","","1"
